{
  "stargate/stargate": {
    "mean": 92.9537201008424,
    "std": 429.2897789258056
  },
  "jenkinsci/github-checks-plugin": {
    "mean": 66.56221237194642,
    "std": 312.7478378052875
  },
  "matsim-org/matsim-libs": {
    "mean": 73.16553144789867,
    "std": 397.93147427154224
  },
  "trinodb/trino": {
    "mean": 282.3234413512946,
    "std": 994.5752756696274
  },
  "apache/skywalking": {
    "mean": 34.62045077870758,
    "std": 178.05953074416465
  },
  "apache/flink-cdc": {
    "mean": 444.72659535794185,
    "std": 927.5424543585298
  },
  "apache/dolphinscheduler": {
    "mean": 97.47573774986292,
    "std": 400.8664570614652
  },
  "nosqlbench/nosqlbench": {
    "mean": 73.3287538718132,
    "std": 156.72711245398952
  },
  "apache/pulsar": {
    "mean": 218.50399066248968,
    "std": 882.4772467217906
  },
  "langchain4j/langchain4j": {
    "mean": 213.91684297311008,
    "std": 471.25662669172954
  },
  "spring-cloud/spring-cloud-stream": {
    "mean": 46.45388450292398,
    "std": 83.70341204925543
  },
  "linagora/james-project": {
    "mean": 144.78433507687433,
    "std": 730.683679885531
  },
  "alibaba/nacos": {
    "mean": 106.52124908685806,
    "std": 334.29929549559154
  },
  "streamnative/kop": {
    "mean": 87.69334216850439,
    "std": 197.49340489539944
  },
  "expediagroup/circus-train": {
    "mean": 131.9318994522692,
    "std": 337.184404718262
  },
  "wesjd/anvilgui": {
    "mean": 153.8639466089466,
    "std": 308.5348258031824
  },
  "quarkusio/quarkus": {
    "mean": 102.99058568635968,
    "std": 504.6233367169222
  },
  "quarkiverse/quarkus-logging-manager": {
    "mean": 93.25501900584796,
    "std": 304.80409143509985
  },
  "apache/uniffle": {
    "mean": 144.0217628550881,
    "std": 473.70025640100766
  },
  "confluentinc/ksql": {
    "mean": 82.376384901851,
    "std": 248.49282729069014
  },
  "uscdatascience/sparkler": {
    "mean": 647.6808513708514,
    "std": 1734.1346391507693
  },
  "hiero-ledger/hiero-mirror-node": {
    "mean": 43.819767627835446,
    "std": 114.39725550568673
  },
  "jenkinsci/bitbucket-branch-source-plugin": {
    "mean": 482.3766503598741,
    "std": 1212.3693100782057
  },
  "openshift/jenkins-plugin": {
    "mean": 24.35980352303523,
    "std": 48.02586514679619
  },
  "apache/seatunnel": {
    "mean": 168.01282665181887,
    "std": 545.5141707115722
  },
  "apache/amoro": {
    "mean": 130.65398065179875,
    "std": 352.2151426367516
  },
  "googlecloudplatform/dataflowtemplates": {
    "mean": 227.26393668300653,
    "std": 617.0844804691393
  },
  "census-instrumentation/opencensus-java": {
    "mean": 62.55453240740741,
    "std": 214.17391114061235
  },
  "openmessaging/benchmark": {
    "mean": 419.2827303523035,
    "std": 1761.013493556482
  },
  "apache/dubbo-samples": {
    "mean": 235.45404933954939,
    "std": 996.2281555579709
  },
  "janusgraph/janusgraph": {
    "mean": 316.6152873476378,
    "std": 830.9526243685084
  },
  "vanroy/spring-data-jest": {
    "mean": 359.6296527777777,
    "std": 1025.3394989746168
  },
  "vaadin/flow": {
    "mean": 51.474068866263416,
    "std": 192.14468590693423
  },
  "googlecloudplatform/spring-cloud-gcp": {
    "mean": 135.36321588289533,
    "std": 294.03239831172357
  },
  "tencent/spring-cloud-tencent": {
    "mean": 23.762046989720996,
    "std": 79.9406097394943
  },
  "openapitools/openapi-generator": {
    "mean": 243.9025873743226,
    "std": 913.4022851476965
  },
  "hortonworks/streamline": {
    "mean": 145.02720721949447,
    "std": 235.83094400889922
  },
  "skuzzle/restrict-imports-enforcer-rule": {
    "mean": 111.04184076682317,
    "std": 350.96296672802106
  },
  "vaadin/hilla": {
    "mean": 78.60321072319202,
    "std": 260.7417441413432
  },
  "apache/linkis": {
    "mean": 118.15742409322175,
    "std": 475.63728548088307
  },
  "apache/inlong": {
    "mean": 41.412823750700646,
    "std": 131.41392861322302
  },
  "syndesisio/syndesis": {
    "mean": 49.18300791674079,
    "std": 202.2232974141206
  },
  "eclipse-sw360/sw360": {
    "mean": 491.5615074757133,
    "std": 1009.4382808029515
  },
  "streamnative/aop": {
    "mean": 262.04106523955153,
    "std": 971.767271577807
  },
  "google/caliper": {
    "mean": 12.835886134067952,
    "std": 29.788888943825913
  },
  "powsybl/powsybl-core": {
    "mean": 346.57370921696577,
    "std": 1014.2212627359112
  },
  "apache/rocketmq-mqtt": {
    "mean": 245.30845679012347,
    "std": 624.15329692128
  },
  "spring-cloud/spring-cloud-dataflow": {
    "mean": 61.450051296941545,
    "std": 222.712255195199
  },
  "finos/legend-engine": {
    "mean": 95.27450468299713,
    "std": 232.36888084740602
  },
  "awslabs/emr-dynamodb-connector": {
    "mean": 407.54850255427834,
    "std": 1370.627420407169
  },
  "alldatacenter/alldata": {
    "mean": 0.7443094721619667,
    "std": 5.874522833820012
  },
  "elastic/apm-agent-java": {
    "mean": 198.93323009446695,
    "std": 741.921485377345
  },
  "googlecloudplatform/cloud-spanner-r2dbc": {
    "mean": 102.39528355387525,
    "std": 557.2788832212495
  },
  "TuxCoding/FastLogin": {
    "mean": 369.546132183908,
    "std": 1571.3835879713724
  },
  "lucko/bungeeguard": {
    "mean": 1152.7255808080808,
    "std": 3160.7302763497332
  },
  "sofastack/sofa-jraft": {
    "mean": 166.13115544472151,
    "std": 464.47825640354995
  },
  "consensys/tessera": {
    "mean": 43.53696795713036,
    "std": 194.8862112289716
  },
  "open-feature/java-sdk": {
    "mean": 64.40207328145266,
    "std": 655.7952043250793
  },
  "apache/paimon": {
    "mean": 85.76276695009713,
    "std": 267.49864018985596
  },
  "streamnative/mop": {
    "mean": 94.86210371376811,
    "std": 505.72169613576364
  },
  "weiye-jing/datax-web": {
    "mean": 152.00676136363637,
    "std": 533.1402586386271
  },
  "pgbulkinsert/pgbulkinsert": {
    "mean": 114.7662175925926,
    "std": 556.3685891675009
  },
  "googleapis/java-storage": {
    "mean": 102.10410590645753,
    "std": 396.1830919036823
  },
  "googlecloudplatform/fda-mystudies": {
    "mean": 91.59334826213444,
    "std": 190.96083712981772
  },
  "pinterest/teletraan": {
    "mean": 114.61923104434906,
    "std": 477.0955262231585
  },
  "opentracing-contrib/java-specialagent": {
    "mean": 54.70934694628404,
    "std": 295.61250217525617
  },
  "starrocks/starrocks-connector-for-apache-flink": {
    "mean": 133.2481388888889,
    "std": 694.5318948796084
  },
  "thingsboard/thingsboard": {
    "mean": 205.03793545734604,
    "std": 693.3348352882595
  },
  "apache/hop": {
    "mean": 54.23861213784348,
    "std": 207.85109810136768
  },
  "googleapis/java-spanner": {
    "mean": 178.46430846422336,
    "std": 503.5292807537155
  },
  "prebid/prebid-server-java": {
    "mean": 399.62860508701465,
    "std": 890.5721386551141
  },
  "games647/changeskin": {
    "mean": 205.09991071428573,
    "std": 383.3804391847735
  },
  "apache/incubator-seata-samples": {
    "mean": 534.6023790487906,
    "std": 1744.776688945541
  },
  "apache/incubator-hugegraph": {
    "mean": 335.7751072961374,
    "std": 860.7076544352101
  },
  "openidentityplatform/openam": {
    "mean": 41.16415911542611,
    "std": 249.37998298759462
  },
  "apache/camel-k-runtime": {
    "mean": 66.1550726313293,
    "std": 267.884199255661
  },
  "googlecloudplatform/pubsub": {
    "mean": 132.56581140350877,
    "std": 369.4328296068114
  },
  "apache/camel-quarkus": {
    "mean": 37.01431477487552,
    "std": 265.80905161444736
  },
  "alfresco/alfresco-community-repo": {
    "mean": 293.0691538270377,
    "std": 829.9425565104821
  },
  "eclipse-hawkbit/hawkbit": {
    "mean": 147.6448621422679,
    "std": 662.950538120554
  },
  "geysermc/geyser": {
    "mean": 245.15672291009145,
    "std": 1001.9301243488811
  },
  "jenkinsci/opentelemetry-plugin": {
    "mean": 110.20022782169524,
    "std": 371.8444059995957
  },
  "apache/shardingsphere": {
    "mean": 6.93141815886134,
    "std": 53.68245899770562
  },